{
 "windows_tested": [
  20,
  30,
  40,
  60
 ],
 "results": {
  "20": {
   "baseline": 1.4332043853955376,
   "target_trade_geo": {
    "n": 5,
    "pre_mean": 1.6578446933333333,
    "delta": 0.22464030793779566,
    "p_pre": 9.425311857603288e-10
   },
   "all_manual": {
    "n": 12,
    "pre_mean": 1.6060035833333333,
    "delta": 0.17279919793779563,
    "p_pre": 6.671772111657039e-11
   }
  },
  "30": {
   "baseline": 1.227511093167702,
   "target_trade_geo": {
    "n": 5,
    "pre_mean": 1.3776253333333337,
    "delta": 0.15011424016563168,
    "p_pre": 1.5882301650626063e-06
   },
   "all_manual": {
    "n": 12,
    "pre_mean": 1.2809810055865922,
    "delta": 0.05346991241889021,
    "p_pre": 0.0018025729685781837
   }
  },
  "40": {
   "baseline": 1.077427602536998,
   "target_trade_geo": {
    "n": 5,
    "pre_mean": 1.1291963999999999,
    "delta": 0.05176879746300189,
    "p_pre": 0.009777753672397988
   },
   "all_manual": {
    "n": 12,
    "pre_mean": 1.0645585502958579,
    "delta": -0.0128690522411401,
    "p_pre": 0.7865265830871393
   }
  },
  "60": {
   "baseline": 0.9235002141280353,
   "target_trade_geo": {
    "n": 5,
    "pre_mean": 0.9760914666666668,
    "delta": 0.052591252538631506,
    "p_pre": 0.012097889639494772
   },
   "all_manual": {
    "n": 11,
    "pre_mean": 0.9556426666666666,
    "delta": 0.03214245253863135,
    "p_pre": 0.017230799195903108
   }
  }
 }
}