{
 "geopolitical": {
  "category": "geopolitical",
  "n_events": 2,
  "L1_H1": {
   "observed_delta_sigma": 0.8840327351548176,
   "t_stat": 9.073988207436198,
   "p_ttest_one_sided": 2.85208745290095e-10,
   "p_perm_random": 0.0674,
   "p_perm_block": 0.0714,
   "p_perm_same_month": 0.0238,
   "observed": 0.8840327351548176,
   "ci_lo": 0.7077880687896163,
   "ci_hi": 1.0755031899377014,
   "ci_50_lo": 0.8210912170973793,
   "ci_50_hi": 0.9485591674420528
  },
  "n_unb": {
   "observed_delta_sigma": -0.15178037476468392,
   "t_stat": -0.9991226559476716,
   "p_ttest_one_sided": 0.8370002310134717,
   "p_perm_random": 0.6434,
   "p_perm_block": 0.6422,
   "p_perm_same_month": 0.6792,
   "observed": -0.15178037476468392,
   "ci_lo": -0.43865783017369914,
   "ci_hi": 0.15169329707295232,
   "ci_50_lo": -0.25372856139763983,
   "ci_50_hi": -0.049832188131728045
  }
 },
 "macro": {
  "category": "macro",
  "n_events": 1,
  "L1_H1": {
   "observed_delta_sigma": 0.35271925733140547,
   "t_stat": 3.450958925352327,
   "p_ttest_one_sided": 0.0019486033793797886,
   "p_perm_random": 0.3804,
   "p_perm_block": 0.38,
   "p_perm_same_month": 0.3408,
   "observed": 0.35271925733140547,
   "ci_lo": 0.1604848028063668,
   "ci_hi": 0.5415831315079174,
   "ci_50_lo": 0.28772213769756927,
   "ci_50_hi": 0.42137396986337283
  },
  "n_unb": {
   "observed_delta_sigma": -0.21105257629547214,
   "t_stat": -0.8367375935418745,
   "p_ttest_one_sided": 0.791602744257271,
   "p_perm_random": 0.634,
   "p_perm_block": 0.6268,
   "p_perm_same_month": 0.5894,
   "observed": -0.21105257629547214,
   "ci_lo": -0.6662630840519261,
   "ci_hi": 0.2678668120732971,
   "ci_50_lo": -0.37227296445921626,
   "ci_50_hi": -0.048646744101112284
  }
 },
 "market_structure": {
  "category": "market_structure",
  "n_events": 2,
  "L1_H1": {
   "observed_delta_sigma": 1.0844740344854154,
   "t_stat": 6.182011938055184,
   "p_ttest_one_sided": 4.839421605200175e-07,
   "p_perm_random": 0.0322,
   "p_perm_block": 0.0292,
   "p_perm_same_month": 0.0184,
   "observed": 1.0844740344854154,
   "ci_lo": 0.7406894078297191,
   "ci_hi": 1.413850022245955,
   "ci_50_lo": 0.9687449838723032,
   "ci_50_hi": 1.20714265492097
  },
  "n_unb": {
   "observed_delta_sigma": 0.22756171503236133,
   "t_stat": 1.5848783814678855,
   "p_ttest_one_sided": 0.06191983128837513,
   "p_perm_random": 0.2904,
   "p_perm_block": 0.2896,
   "p_perm_same_month": 0.1806,
   "observed": 0.22756171503236133,
   "ci_lo": -0.049832188131728045,
   "ci_hi": 0.5049556181964504,
   "ci_50_lo": 0.13509708064433154,
   "ci_50_hi": 0.32713901360408554
  }
 },
 "monetary": {
  "category": "monetary",
  "n_events": 3,
  "L1_H1": {
   "observed_delta_sigma": 0.37886400047374974,
   "t_stat": 1.9624300286549792,
   "p_ttest_one_sided": 0.02802774677756532,
   "p_perm_random": 0.2296,
   "p_perm_block": 0.235,
   "p_perm_same_month": 0.1696,
   "observed": 0.37886400047374974,
   "ci_lo": 0.00045971110396576814,
   "ci_hi": 0.7600767954994853,
   "ci_50_lo": 0.24799103809392603,
   "ci_50_hi": 0.5044936552369671
  },
  "n_unb": {
   "observed_delta_sigma": -0.21895553649957722,
   "t_stat": -1.4679093213311447,
   "p_ttest_one_sided": 0.9253792093831609,
   "p_perm_random": 0.7572,
   "p_perm_block": 0.7518,
   "p_perm_same_month": 0.6118,
   "observed": -0.21895553649957722,
   "ci_lo": -0.5082433947708446,
   "ci_hi": 0.07349350585333163,
   "ci_50_lo": -0.3169522430304804,
   "ci_50_hi": -0.11305586976456893
  }
 },
 "tech_shock": {
  "category": "tech_shock",
  "n_events": 1,
  "L1_H1": {
   "observed_delta_sigma": 1.0870527821002187,
   "t_stat": 6.244236792758675,
   "p_ttest_one_sided": 1.073787718917104e-05,
   "p_perm_random": 0.1148,
   "p_perm_block": 0.1116,
   "p_perm_same_month": 0.1048,
   "observed": 1.0870527821002187,
   "ci_lo": 0.7445419570787118,
   "ci_hi": 1.399075218480051,
   "ci_50_lo": 0.9735823369939437,
   "ci_50_hi": 1.2039427014038815
  },
  "n_unb": {
   "observed_delta_sigma": 0.14458063288925763,
   "t_stat": 1.013389132255746,
   "p_ttest_one_sided": 0.16403445096194902,
   "p_perm_random": 0.3912,
   "p_perm_block": 0.3786,
   "p_perm_same_month": 0.517,
   "observed": 0.14458063288925763,
   "ci_lo": -0.12570060609113703,
   "ci_hi": 0.4148618718696523,
   "ci_50_lo": 0.05448688656245949,
   "ci_50_hi": 0.23941615533851882
  }
 },
 "trade_policy": {
  "category": "trade_policy",
  "n_events": 23,
  "L1_H1": {
   "observed_delta_sigma": 0.025441950547952136,
   "t_stat": 0.4335250207939691,
   "p_ttest_one_sided": 0.33245256067515466,
   "p_perm_random": 0.494,
   "p_perm_block": 0.498,
   "p_perm_same_month": 0.4946,
   "observed": 0.025441950547952136,
   "ci_lo": -0.09020775632280865,
   "ci_hi": 0.1427623633852184,
   "ci_50_lo": -0.0142317861138872,
   "ci_50_hi": 0.06543643490485215
  },
  "n_unb": {
   "observed_delta_sigma": 0.16066143886978462,
   "t_stat": 2.963055541015692,
   "p_ttest_one_sided": 0.00162906860237504,
   "p_perm_random": 0.106,
   "p_perm_block": 0.098,
   "p_perm_same_month": 0.125,
   "observed": 0.16066143886978462,
   "ci_lo": 0.055306389174928604,
   "ci_hi": 0.2643620210262594,
   "ci_50_lo": 0.1249950358616929,
   "ci_50_hi": 0.19756482695330144
  }
 },
 "trade_policy_easing": {
  "category": "trade_policy_easing",
  "n_events": 3,
  "L1_H1": {
   "observed_delta_sigma": 0.033885681533702264,
   "t_stat": 0.26012405937376093,
   "p_ttest_one_sided": 0.3979907576027051,
   "p_perm_random": 0.4986,
   "p_perm_block": 0.5034,
   "p_perm_same_month": 0.5522,
   "observed": 0.033885681533702264,
   "ci_lo": -0.22007773747214826,
   "ci_hi": 0.2840675119441632,
   "ci_50_lo": -0.053313667738506855,
   "ci_50_hi": 0.1249299558448999
  },
  "n_unb": {
   "observed_delta_sigma": -0.04825159609090703,
   "t_stat": -0.31560328260017995,
   "p_ttest_one_sided": 0.6231021075830677,
   "p_perm_random": 0.5604,
   "p_perm_block": 0.565,
   "p_perm_same_month": 0.5686,
   "observed": -0.04825159609090703,
   "ci_lo": -0.3280163873162278,
   "ci_hi": 0.25206089166508694,
   "ci_50_lo": -0.15257067078509431,
   "ci_50_hi": 0.05448688656245949
  }
 }
}