{
 "geopolitical": {
  "n_events": 2,
  "L1": {
   "d_sigma": 0.8840311489065106,
   "p": 0.06833333333333333
  },
  "L2": {
   "d_sigma": 0.49117612476421374,
   "p": 0.181
  },
  "Linf": {
   "d_sigma": -0.19307448400930835,
   "p": 0.6853333333333333
  },
  "nH1": {
   "d_sigma": 0.9314706803109214,
   "p": 0.061
  },
  "meanP": {
   "d_sigma": 0.031820911864806706,
   "p": 0.4693333333333333
  },
  "entropy": {
   "d_sigma": 0.923079828816569,
   "p": 0.039
  },
  "n_unb_total": {
   "d_sigma": -0.15178037476468392,
   "p": 0.6456666666666667
  },
  "n_unb_3": {
   "d_sigma": 0.23734981980266814,
   "p": 0.211
  },
  "n_unb_4": {
   "d_sigma": -0.14061730227036184,
   "p": 0.5753333333333334
  },
  "n_unb_5plus": {
   "d_sigma": -0.13668982094581483,
   "p": 0.6486666666666666
  },
  "weighted_unb": {
   "d_sigma": -0.16815279951962023,
   "p": 0.613
  },
  "balance_rate": {
   "d_sigma": -0.2268179590548487,
   "p": 0.691
  }
 },
 "macro": {
  "n_events": 1,
  "L1": {
   "d_sigma": 0.35272124713555286,
   "p": 0.381
  },
  "L2": {
   "d_sigma": 0.26543913432743554,
   "p": 0.42233333333333334
  },
  "Linf": {
   "d_sigma": -0.09322304772966784,
   "p": 0.565
  },
  "nH1": {
   "d_sigma": 0.27280275657923597,
   "p": 0.43733333333333335
  },
  "meanP": {
   "d_sigma": 0.10737773421686278,
   "p": 0.42633333333333334
  },
  "entropy": {
   "d_sigma": 0.38987241815911117,
   "p": 0.39166666666666666
  },
  "n_unb_total": {
   "d_sigma": -0.21105257629547214,
   "p": 0.6343333333333333
  },
  "n_unb_3": {
   "d_sigma": -0.010399195490482866,
   "p": 0.473
  },
  "n_unb_4": {
   "d_sigma": 0.5310360914778993,
   "p": 0.11866666666666667
  },
  "n_unb_5plus": {
   "d_sigma": -0.8075010503079066,
   "p": 0.931
  },
  "weighted_unb": {
   "d_sigma": 0.2357169942628697,
   "p": 0.218
  },
  "balance_rate": {
   "d_sigma": 0.4611894604186516,
   "p": 0.26166666666666666
  }
 },
 "market_structure": {
  "n_events": 2,
  "L1": {
   "d_sigma": 1.0844745625382914,
   "p": 0.03233333333333333
  },
  "L2": {
   "d_sigma": 0.5928882600280881,
   "p": 0.13133333333333333
  },
  "Linf": {
   "d_sigma": -0.09057695149991986,
   "p": 0.5906666666666667
  },
  "nH1": {
   "d_sigma": 1.3977187611546993,
   "p": 0.004333333333333333
  },
  "meanP": {
   "d_sigma": -0.2762733826551548,
   "p": 0.7416666666666667
  },
  "entropy": {
   "d_sigma": 1.1180649577604218,
   "p": 0.005333333333333333
  },
  "n_unb_total": {
   "d_sigma": 0.22756171503236133,
   "p": 0.283
  },
  "n_unb_3": {
   "d_sigma": -0.1519700613722835,
   "p": 0.6596666666666666
  },
  "n_unb_4": {
   "d_sigma": -0.22549657730448283,
   "p": 0.6803333333333333
  },
  "n_unb_5plus": {
   "d_sigma": 0.5758298786356818,
   "p": 0.074
  },
  "weighted_unb": {
   "d_sigma": -0.3534958543543336,
   "p": 0.829
  },
  "balance_rate": {
   "d_sigma": -0.7142641944897294,
   "p": 0.938
  }
 },
 "monetary": {
  "n_events": 3,
  "L1": {
   "d_sigma": 0.3788648491527911,
   "p": 0.22533333333333333
  },
  "L2": {
   "d_sigma": 0.2527388138435022,
   "p": 0.321
  },
  "Linf": {
   "d_sigma": -0.11349750092175535,
   "p": 0.649
  },
  "nH1": {
   "d_sigma": 0.509627178595123,
   "p": 0.159
  },
  "meanP": {
   "d_sigma": -0.14284578234585257,
   "p": 0.673
  },
  "entropy": {
   "d_sigma": 0.2865354518994369,
   "p": 0.3006666666666667
  },
  "n_unb_total": {
   "d_sigma": -0.21895553649957722,
   "p": 0.75
  },
  "n_unb_3": {
   "d_sigma": 0.3553255413708351,
   "p": 0.10466666666666667
  },
  "n_unb_4": {
   "d_sigma": -0.25871020666566047,
   "p": 0.763
  },
  "n_unb_5plus": {
   "d_sigma": -0.14711693850066596,
   "p": 0.691
  },
  "weighted_unb": {
   "d_sigma": -0.13007739656550057,
   "p": 0.585
  },
  "balance_rate": {
   "d_sigma": 0.03881105152582514,
   "p": 0.45366666666666666
  }
 },
 "tech_shock": {
  "n_events": 1,
  "L1": {
   "d_sigma": 1.0870553377959402,
   "p": 0.119
  },
  "L2": {
   "d_sigma": 0.7191643092632399,
   "p": 0.188
  },
  "Linf": {
   "d_sigma": 0.19759693232860673,
   "p": 0.37866666666666665
  },
  "nH1": {
   "d_sigma": 0.9536729698749111,
   "p": 0.15666666666666668
  },
  "meanP": {
   "d_sigma": 0.18681188168624172,
   "p": 0.37166666666666665
  },
  "entropy": {
   "d_sigma": 0.9506336479498577,
   "p": 0.13366666666666666
  },
  "n_unb_total": {
   "d_sigma": 0.14458063288925763,
   "p": 0.394
  },
  "n_unb_3": {
   "d_sigma": -0.08118462843138312,
   "p": 0.535
  },
  "n_unb_4": {
   "d_sigma": -0.08895165659741869,
   "p": 0.491
  },
  "n_unb_5plus": {
   "d_sigma": 0.3116762339127857,
   "p": 0.299
  },
  "weighted_unb": {
   "d_sigma": -0.17085035693694264,
   "p": 0.5776666666666667
  },
  "balance_rate": {
   "d_sigma": -0.5971096935556754,
   "p": 0.8076666666666666
  }
 },
 "trade_policy": {
  "n_events": 23,
  "L1": {
   "d_sigma": 0.025441597611918006,
   "p": 0.49366666666666664
  },
  "L2": {
   "d_sigma": 0.17393965916012002,
   "p": 0.16333333333333333
  },
  "Linf": {
   "d_sigma": 0.3150654024023499,
   "p": 0.017333333333333333
  },
  "nH1": {
   "d_sigma": -0.13584808032317824,
   "p": 0.8136666666666666
  },
  "meanP": {
   "d_sigma": 0.23562004065740297,
   "p": 0.04133333333333333
  },
  "entropy": {
   "d_sigma": -0.20127965175995433,
   "p": 0.8946666666666667
  },
  "n_unb_total": {
   "d_sigma": 0.16066143886978462,
   "p": 0.11433333333333333
  },
  "n_unb_3": {
   "d_sigma": 0.023454707220382443,
   "p": 0.43
  },
  "n_unb_4": {
   "d_sigma": 0.38759172119339247,
   "p": 0.0036666666666666666
  },
  "n_unb_5plus": {
   "d_sigma": -0.13412082096853262,
   "p": 0.9033333333333333
  },
  "weighted_unb": {
   "d_sigma": 0.25370772242521356,
   "p": 0.053
  },
  "balance_rate": {
   "d_sigma": -0.06233983241401844,
   "p": 0.6416666666666667
  }
 }
}